sample,pct_miss,city,site_abbv,nlcd_urban_pct,id,management_type,name,value
TO.BA.PSP.M.1,(81),Baltimore,PSP,0,1,M,K1,0.993
TO.BA.PSP.M.1,(81),Baltimore,PSP,0,1,M,K2,0.004
TO.BA.PSP.M.1,(81),Baltimore,PSP,0,1,M,K3,0.003
TO.BA.PSP.M.2,(80),Baltimore,PSP,0,2,M,K1,0.055
TO.BA.PSP.M.2,(80),Baltimore,PSP,0,2,M,K2,0.941
TO.BA.PSP.M.2,(80),Baltimore,PSP,0,2,M,K3,0.003
TO.BA.PSP.M.4,(85),Baltimore,PSP,0,4,M,K1,0.141
TO.BA.PSP.M.4,(85),Baltimore,PSP,0,4,M,K2,0.839
TO.BA.PSP.M.4,(85),Baltimore,PSP,0,4,M,K3,0.02
TO.BO.I1.U.1,(66),Boston,I1,0,1,U,K1,0
TO.BO.I1.U.1,(66),Boston,I1,0,1,U,K2,0.999
TO.BO.I1.U.1,(66),Boston,I1,0,1,U,K3,0
TO.BO.I1.U.2,(76),Boston,I1,0,2,U,K1,0.001
TO.BO.I1.U.2,(76),Boston,I1,0,2,U,K2,0.998
TO.BO.I1.U.2,(76),Boston,I1,0,2,U,K3,0.001
TO.BO.I1.U.3,(65),Boston,I1,0,3,U,K1,0.001
TO.BO.I1.U.3,(65),Boston,I1,0,3,U,K2,0.999
TO.BO.I1.U.3,(65),Boston,I1,0,3,U,K3,0
TO.BO.I1.U.5,(77),Boston,I1,0,5,U,K1,0.721
TO.BO.I1.U.5,(77),Boston,I1,0,5,U,K2,0.277
TO.BO.I1.U.5,(77),Boston,I1,0,5,U,K3,0.002
TO.BO.I2.U.2,(62),Boston,I2,0,2,U,K1,0.001
TO.BO.I2.U.2,(62),Boston,I2,0,2,U,K2,0.999
TO.BO.I2.U.2,(62),Boston,I2,0,2,U,K3,0.001
TO.BO.I2.U.3,(59),Boston,I2,0,3,U,K1,0
TO.BO.I2.U.3,(59),Boston,I2,0,3,U,K2,0.999
TO.BO.I2.U.3,(59),Boston,I2,0,3,U,K3,0
TO.BO.I2.U.4,(67),Boston,I2,0,4,U,K1,0.005
TO.BO.I2.U.4,(67),Boston,I2,0,4,U,K2,0.993
TO.BO.I2.U.4,(67),Boston,I2,0,4,U,K3,0.002
TO.BO.I2.U.5,(76),Boston,I2,0,5,U,K1,0.007
TO.BO.I2.U.5,(76),Boston,I2,0,5,U,K2,0.991
TO.BO.I2.U.5,(76),Boston,I2,0,5,U,K3,0.002
TO.BO.I3.U.1,(72),Boston,I3,0,1,U,K1,0.001
TO.BO.I3.U.1,(72),Boston,I3,0,1,U,K2,0.998
TO.BO.I3.U.1,(72),Boston,I3,0,1,U,K3,0.001
TO.BO.I3.U.2,(66),Boston,I3,0,2,U,K1,0.001
TO.BO.I3.U.2,(66),Boston,I3,0,2,U,K2,0.999
TO.BO.I3.U.2,(66),Boston,I3,0,2,U,K3,0
TO.BO.I3.U.4,(84),Boston,I3,0,4,U,K1,0.86
TO.BO.I3.U.4,(84),Boston,I3,0,4,U,K2,0.134
TO.BO.I3.U.4,(84),Boston,I3,0,4,U,K3,0.006
TO.BO.I4.U.2,(54),Boston,I4,0,2,U,K1,0.001
TO.BO.I4.U.2,(54),Boston,I4,0,2,U,K2,0.006
TO.BO.I4.U.2,(54),Boston,I4,0,2,U,K3,0.993
TO.BO.I4.U.4,(77),Boston,I4,0,4,U,K1,0.005
TO.BO.I4.U.4,(77),Boston,I4,0,4,U,K2,0.993
TO.BO.I4.U.4,(77),Boston,I4,0,4,U,K3,0.002
TO.BO.R2.U.2,(99),Boston,R2,0,2,U,K1,0.324
TO.BO.R2.U.2,(99),Boston,R2,0,2,U,K2,0.317
TO.BO.R2.U.2,(99),Boston,R2,0,2,U,K3,0.359
TO.BO.R4.U.1,(99),Boston,R4,0,1,U,K1,0.219
TO.BO.R4.U.1,(99),Boston,R4,0,1,U,K2,0.296
TO.BO.R4.U.1,(99),Boston,R4,0,1,U,K3,0.485
TO.BO.R4.U.2,(99),Boston,R4,0,2,U,K1,0.137
TO.BO.R4.U.2,(99),Boston,R4,0,2,U,K2,0.54
TO.BO.R4.U.2,(99),Boston,R4,0,2,U,K3,0.323
TO.BO.R4.U.3,(61),Boston,R4,0,3,U,K1,0.49
TO.BO.R4.U.3,(61),Boston,R4,0,3,U,K2,0.496
TO.BO.R4.U.3,(61),Boston,R4,0,3,U,K3,0.015
TO.BO.R4.U.4,(85),Boston,R4,0,4,U,K1,0.932
TO.BO.R4.U.4,(85),Boston,R4,0,4,U,K2,0.065
TO.BO.R4.U.4,(85),Boston,R4,0,4,U,K3,0.003
TO.BO.R4.U.5,(54),Boston,R4,0,5,U,K1,0.003
TO.BO.R4.U.5,(54),Boston,R4,0,5,U,K2,0.001
TO.BO.R4.U.5,(54),Boston,R4,0,5,U,K3,0.996
TO.MN.L06-TO.U.2,(87),Minneapolis,L06-TO,0,2,U,K1,0.002
TO.MN.L06-TO.U.2,(87),Minneapolis,L06-TO,0,2,U,K2,0.996
TO.MN.L06-TO.U.2,(87),Minneapolis,L06-TO,0,2,U,K3,0.002
TO.MN.L06-TO.U.3,(87),Minneapolis,L06-TO,0,3,U,K1,0.997
TO.MN.L06-TO.U.3,(87),Minneapolis,L06-TO,0,3,U,K2,0.001
TO.MN.L06-TO.U.3,(87),Minneapolis,L06-TO,0,3,U,K3,0.002
TO.MN.L06-TO.U.4,(54),Minneapolis,L06-TO,0,4,U,K1,0.998
TO.MN.L06-TO.U.4,(54),Minneapolis,L06-TO,0,4,U,K2,0.001
TO.MN.L06-TO.U.4,(54),Minneapolis,L06-TO,0,4,U,K3,0.001
TO.MN.L06-TO.U.5,(64),Minneapolis,L06-TO,0,5,U,K1,0.165
TO.MN.L06-TO.U.5,(64),Minneapolis,L06-TO,0,5,U,K2,0.83
TO.MN.L06-TO.U.5,(64),Minneapolis,L06-TO,0,5,U,K3,0.005
TO.MN.L11-TO.U.1,(81),Minneapolis,L11-TO,0,1,U,K1,0.006
TO.MN.L11-TO.U.1,(81),Minneapolis,L11-TO,0,1,U,K2,0.562
TO.MN.L11-TO.U.1,(81),Minneapolis,L11-TO,0,1,U,K3,0.432
TO.MN.L11-TO.U.3,(75),Minneapolis,L11-TO,0,3,U,K1,0.994
TO.MN.L11-TO.U.3,(75),Minneapolis,L11-TO,0,3,U,K2,0.004
TO.MN.L11-TO.U.3,(75),Minneapolis,L11-TO,0,3,U,K3,0.002
TO.MN.L11-TO.U.4,(86),Minneapolis,L11-TO,0,4,U,K1,0.006
TO.MN.L11-TO.U.4,(86),Minneapolis,L11-TO,0,4,U,K2,0.976
TO.MN.L11-TO.U.4,(86),Minneapolis,L11-TO,0,4,U,K3,0.018
TO.PX.BUF.M.1,(79),Phoenix,BUF,0,1,M,K1,0.001
TO.PX.BUF.M.1,(79),Phoenix,BUF,0,1,M,K2,0.001
TO.PX.BUF.M.1,(79),Phoenix,BUF,0,1,M,K3,0.998
TO.PX.BUF.M.2,(88),Phoenix,BUF,0,2,M,K1,0.001
TO.PX.BUF.M.2,(88),Phoenix,BUF,0,2,M,K2,0.001
TO.PX.BUF.M.2,(88),Phoenix,BUF,0,2,M,K3,0.998
TO.PX.COY.M.1,(42),Phoenix,COY,0,1,M,K1,0
TO.PX.COY.M.1,(42),Phoenix,COY,0,1,M,K2,0.002
TO.PX.COY.M.1,(42),Phoenix,COY,0,1,M,K3,0.997
TO.PX.COY.M.3,(87),Phoenix,COY,0,3,M,K1,0.002
TO.PX.COY.M.3,(87),Phoenix,COY,0,3,M,K2,0.012
TO.PX.COY.M.3,(87),Phoenix,COY,0,3,M,K3,0.985
TO.PX.COY.M.6,(42),Phoenix,COY,0,6,M,K1,0.001
TO.PX.COY.M.6,(42),Phoenix,COY,0,6,M,K2,0.875
TO.PX.COY.M.6,(42),Phoenix,COY,0,6,M,K3,0.123
TO.LA.NWH.M.1,(62),Los Angeles,NWH,0.02842087175005357,1,M,K1,0.007
TO.LA.NWH.M.1,(62),Los Angeles,NWH,0.02842087175005357,1,M,K2,0.991
TO.LA.NWH.M.1,(62),Los Angeles,NWH,0.02842087175005357,1,M,K3,0.002
TO.LA.NWH.M.3,(74),Los Angeles,NWH,0.02842087175005357,3,M,K1,0.001
TO.LA.NWH.M.3,(74),Los Angeles,NWH,0.02842087175005357,3,M,K2,0.001
TO.LA.NWH.M.3,(74),Los Angeles,NWH,0.02842087175005357,3,M,K3,0.998
TO.LA.NWH.M.4,(65),Los Angeles,NWH,0.02842087175005357,4,M,K1,0.001
TO.LA.NWH.M.4,(65),Los Angeles,NWH,0.02842087175005357,4,M,K2,0.002
TO.LA.NWH.M.4,(65),Los Angeles,NWH,0.02842087175005357,4,M,K3,0.997
TO.LA.ZOO.M.1,(43),Los Angeles,ZOO,0.23587870862259877,1,M,K1,0.001
TO.LA.ZOO.M.1,(43),Los Angeles,ZOO,0.23587870862259877,1,M,K2,0.998
TO.LA.ZOO.M.1,(43),Los Angeles,ZOO,0.23587870862259877,1,M,K3,0.001
TO.LA.ZOO.M.3,(63),Los Angeles,ZOO,0.23587870862259877,3,M,K1,0.239
TO.LA.ZOO.M.3,(63),Los Angeles,ZOO,0.23587870862259877,3,M,K2,0.759
TO.LA.ZOO.M.3,(63),Los Angeles,ZOO,0.23587870862259877,3,M,K3,0.002
TO.LA.ZOO.M.6,(57),Los Angeles,ZOO,0.23587870862259877,6,M,K1,0
TO.LA.ZOO.M.6,(57),Los Angeles,ZOO,0.23587870862259877,6,M,K2,0.001
TO.LA.ZOO.M.6,(57),Los Angeles,ZOO,0.23587870862259877,6,M,K3,0.999
TO.MN.L08-TO.U.2,(63),Minneapolis,L08-TO,0.3421220286682966,2,U,K1,0.127
TO.MN.L08-TO.U.2,(63),Minneapolis,L08-TO,0.3421220286682966,2,U,K2,0.872
TO.MN.L08-TO.U.2,(63),Minneapolis,L08-TO,0.3421220286682966,2,U,K3,0.001
TO.MN.L08-TO.U.3,(59),Minneapolis,L08-TO,0.3421220286682966,3,U,K1,0.231
TO.MN.L08-TO.U.3,(59),Minneapolis,L08-TO,0.3421220286682966,3,U,K2,0.645
TO.MN.L08-TO.U.3,(59),Minneapolis,L08-TO,0.3421220286682966,3,U,K3,0.124
TO.MN.L08-TO.U.4,(77),Minneapolis,L08-TO,0.3421220286682966,4,U,K1,0.997
TO.MN.L08-TO.U.4,(77),Minneapolis,L08-TO,0.3421220286682966,4,U,K2,0.002
TO.MN.L08-TO.U.4,(77),Minneapolis,L08-TO,0.3421220286682966,4,U,K3,0.001
TO.MN.L08-TO.U.5,(57),Minneapolis,L08-TO,0.3421220286682966,5,U,K1,0.016
TO.MN.L08-TO.U.5,(57),Minneapolis,L08-TO,0.3421220286682966,5,U,K2,0.802
TO.MN.L08-TO.U.5,(57),Minneapolis,L08-TO,0.3421220286682966,5,U,K3,0.182
TO.BA.RG-1.M.2,(78),Baltimore,RG-1,1,2,M,K1,0.998
TO.BA.RG-1.M.2,(78),Baltimore,RG-1,1,2,M,K2,0.001
TO.BA.RG-1.M.2,(78),Baltimore,RG-1,1,2,M,K3,0.001
TO.BA.RG-1.M.4,(81),Baltimore,RG-1,1,4,M,K1,0.997
TO.BA.RG-1.M.4,(81),Baltimore,RG-1,1,4,M,K2,0.002
TO.BA.RG-1.M.4,(81),Baltimore,RG-1,1,4,M,K3,0.002
TO.BA.RG-1.M.5,(72),Baltimore,RG-1,1,5,M,K1,0.892
TO.BA.RG-1.M.5,(72),Baltimore,RG-1,1,5,M,K2,0.104
TO.BA.RG-1.M.5,(72),Baltimore,RG-1,1,5,M,K3,0.003
TO.MN.L05-TO.U.1,(69),Minneapolis,L05-TO,1.198045888162427,1,U,K1,0.999
TO.MN.L05-TO.U.1,(69),Minneapolis,L05-TO,1.198045888162427,1,U,K2,0.001
TO.MN.L05-TO.U.1,(69),Minneapolis,L05-TO,1.198045888162427,1,U,K3,0.001
TO.MN.L05-TO.U.2,(61),Minneapolis,L05-TO,1.198045888162427,2,U,K1,0.998
TO.MN.L05-TO.U.2,(61),Minneapolis,L05-TO,1.198045888162427,2,U,K2,0.001
TO.MN.L05-TO.U.2,(61),Minneapolis,L05-TO,1.198045888162427,2,U,K3,0.001
TO.MN.L05-TO.U.3,(76),Minneapolis,L05-TO,1.198045888162427,3,U,K1,0.003
TO.MN.L05-TO.U.3,(76),Minneapolis,L05-TO,1.198045888162427,3,U,K2,0.558
TO.MN.L05-TO.U.3,(76),Minneapolis,L05-TO,1.198045888162427,3,U,K3,0.439
TO.MN.L05-TO.U.4,(54),Minneapolis,L05-TO,1.198045888162427,4,U,K1,0.004
TO.MN.L05-TO.U.4,(54),Minneapolis,L05-TO,1.198045888162427,4,U,K2,0.001
TO.MN.L05-TO.U.4,(54),Minneapolis,L05-TO,1.198045888162427,4,U,K3,0.995
TO.MN.L05-TO.U.5,(55),Minneapolis,L05-TO,1.198045888162427,5,U,K1,0.996
TO.MN.L05-TO.U.5,(55),Minneapolis,L05-TO,1.198045888162427,5,U,K2,0.002
TO.MN.L05-TO.U.5,(55),Minneapolis,L05-TO,1.198045888162427,5,U,K3,0.002
TO.MN.L03-TO.U.3,(83),Minneapolis,L03-TO,3.232708561078956,3,U,K1,0.855
TO.MN.L03-TO.U.3,(83),Minneapolis,L03-TO,3.232708561078956,3,U,K2,0.14
TO.MN.L03-TO.U.3,(83),Minneapolis,L03-TO,3.232708561078956,3,U,K3,0.005
TO.MN.L03-TO.U.4,(57),Minneapolis,L03-TO,3.232708561078956,4,U,K1,0.999
TO.MN.L03-TO.U.4,(57),Minneapolis,L03-TO,3.232708561078956,4,U,K2,0
TO.MN.L03-TO.U.4,(57),Minneapolis,L03-TO,3.232708561078956,4,U,K3,0
TO.MN.L03-TO.U.5,(67),Minneapolis,L03-TO,3.232708561078956,5,U,K1,0.3
TO.MN.L03-TO.U.5,(67),Minneapolis,L03-TO,3.232708561078956,5,U,K2,0.698
TO.MN.L03-TO.U.5,(67),Minneapolis,L03-TO,3.232708561078956,5,U,K3,0.002
TO.MN.L08-TO.M.1,(77),Minneapolis,L08-TO,5.371175319082491,1,M,K1,0.989
TO.MN.L08-TO.M.1,(77),Minneapolis,L08-TO,5.371175319082491,1,M,K2,0.009
TO.MN.L08-TO.M.1,(77),Minneapolis,L08-TO,5.371175319082491,1,M,K3,0.002
TO.MN.L08-TO.M.2,(59),Minneapolis,L08-TO,5.371175319082491,2,M,K1,0.002
TO.MN.L08-TO.M.2,(59),Minneapolis,L08-TO,5.371175319082491,2,M,K2,0.001
TO.MN.L08-TO.M.2,(59),Minneapolis,L08-TO,5.371175319082491,2,M,K3,0.997
TO.MN.L08-TO.M.4,(55),Minneapolis,L08-TO,5.371175319082491,4,M,K1,0.006
TO.MN.L08-TO.M.4,(55),Minneapolis,L08-TO,5.371175319082491,4,M,K2,0.001
TO.MN.L08-TO.M.4,(55),Minneapolis,L08-TO,5.371175319082491,4,M,K3,0.993
TO.MN.L08-TO.M.5,(50),Minneapolis,L08-TO,5.371175319082491,5,M,K1,0.001
TO.MN.L08-TO.M.5,(50),Minneapolis,L08-TO,5.371175319082491,5,M,K2,0.001
TO.MN.L08-TO.M.5,(50),Minneapolis,L08-TO,5.371175319082491,5,M,K3,0.998
TO.MN.L06-TO.M.2,(56),Minneapolis,L06-TO,9.0413215691248,2,M,K1,0.998
TO.MN.L06-TO.M.2,(56),Minneapolis,L06-TO,9.0413215691248,2,M,K2,0.001
TO.MN.L06-TO.M.2,(56),Minneapolis,L06-TO,9.0413215691248,2,M,K3,0.001
TO.MN.L06-TO.M.3,(63),Minneapolis,L06-TO,9.0413215691248,3,M,K1,0.995
TO.MN.L06-TO.M.3,(63),Minneapolis,L06-TO,9.0413215691248,3,M,K2,0.004
TO.MN.L06-TO.M.3,(63),Minneapolis,L06-TO,9.0413215691248,3,M,K3,0.001
TO.MN.L06-TO.M.5,(60),Minneapolis,L06-TO,9.0413215691248,5,M,K1,0.996
TO.MN.L06-TO.M.5,(60),Minneapolis,L06-TO,9.0413215691248,5,M,K2,0.003
TO.MN.L06-TO.M.5,(60),Minneapolis,L06-TO,9.0413215691248,5,M,K3,0.001
TO.BA.W3.M.2,(54),Baltimore,W3,10.480356001667678,2,M,K1,0.001
TO.BA.W3.M.2,(54),Baltimore,W3,10.480356001667678,2,M,K2,0.001
TO.BA.W3.M.2,(54),Baltimore,W3,10.480356001667678,2,M,K3,0.998
TO.BA.W3.M.3,(64),Baltimore,W3,10.480356001667678,3,M,K1,0.629
TO.BA.W3.M.3,(64),Baltimore,W3,10.480356001667678,3,M,K2,0.337
TO.BA.W3.M.3,(64),Baltimore,W3,10.480356001667678,3,M,K3,0.034
TO.BA.W3.M.4,(57),Baltimore,W3,10.480356001667678,4,M,K1,0.026
TO.BA.W3.M.4,(57),Baltimore,W3,10.480356001667678,4,M,K2,0.957
TO.BA.W3.M.4,(57),Baltimore,W3,10.480356001667678,4,M,K3,0.017
TO.BA.W3.M.5,(78),Baltimore,W3,10.480356001667678,5,M,K1,0.076
TO.BA.W3.M.5,(78),Baltimore,W3,10.480356001667678,5,M,K2,0.924
TO.BA.W3.M.5,(78),Baltimore,W3,10.480356001667678,5,M,K3,0.001
TO.BA.LL-3.M.1,(61),Baltimore,LL-3,11.01493048061913,1,M,K1,0.998
TO.BA.LL-3.M.1,(61),Baltimore,LL-3,11.01493048061913,1,M,K2,0.001
TO.BA.LL-3.M.1,(61),Baltimore,LL-3,11.01493048061913,1,M,K3,0.001
TO.BA.LL-3.M.2,(78),Baltimore,LL-3,11.01493048061913,2,M,K1,0.59
TO.BA.LL-3.M.2,(78),Baltimore,LL-3,11.01493048061913,2,M,K2,0.407
TO.BA.LL-3.M.2,(78),Baltimore,LL-3,11.01493048061913,2,M,K3,0.002
TO.BA.LL-3.M.4,(64),Baltimore,LL-3,11.01493048061913,4,M,K1,0.998
TO.BA.LL-3.M.4,(64),Baltimore,LL-3,11.01493048061913,4,M,K2,0.001
TO.BA.LL-3.M.4,(64),Baltimore,LL-3,11.01493048061913,4,M,K3,0.002
TO.MN.L04-TO.M.2,(61),Minneapolis,L04-TO,11.64256192719538,2,M,K1,0.003
TO.MN.L04-TO.M.2,(61),Minneapolis,L04-TO,11.64256192719538,2,M,K2,0.001
TO.MN.L04-TO.M.2,(61),Minneapolis,L04-TO,11.64256192719538,2,M,K3,0.996
TO.MN.L04-TO.M.4,(52),Minneapolis,L04-TO,11.64256192719538,4,M,K1,0.016
TO.MN.L04-TO.M.4,(52),Minneapolis,L04-TO,11.64256192719538,4,M,K2,0.017
TO.MN.L04-TO.M.4,(52),Minneapolis,L04-TO,11.64256192719538,4,M,K3,0.967
TO.MN.L04-TO.M.5,(58),Minneapolis,L04-TO,11.64256192719538,5,M,K1,0.004
TO.MN.L04-TO.M.5,(58),Minneapolis,L04-TO,11.64256192719538,5,M,K2,0.001
TO.MN.L04-TO.M.5,(58),Minneapolis,L04-TO,11.64256192719538,5,M,K3,0.995
TO.MN.L09-TO.U.2,(65),Minneapolis,L09-TO,12.380895458945917,2,U,K1,0.998
TO.MN.L09-TO.U.2,(65),Minneapolis,L09-TO,12.380895458945917,2,U,K2,0.002
TO.MN.L09-TO.U.2,(65),Minneapolis,L09-TO,12.380895458945917,2,U,K3,0.001
TO.MN.L09-TO.U.4,(60),Minneapolis,L09-TO,12.380895458945917,4,U,K1,0.998
TO.MN.L09-TO.U.4,(60),Minneapolis,L09-TO,12.380895458945917,4,U,K2,0.001
TO.MN.L09-TO.U.4,(60),Minneapolis,L09-TO,12.380895458945917,4,U,K3,0.001
TO.MN.L09-TO.U.5,(61),Minneapolis,L09-TO,12.380895458945917,5,U,K1,0.998
TO.MN.L09-TO.U.5,(61),Minneapolis,L09-TO,12.380895458945917,5,U,K2,0.001
TO.MN.L09-TO.U.5,(61),Minneapolis,L09-TO,12.380895458945917,5,U,K3,0.001
TO.MN.L10-TO.U.1,(58),Minneapolis,L10-TO,13.71884588227146,1,U,K1,0.028
TO.MN.L10-TO.U.1,(58),Minneapolis,L10-TO,13.71884588227146,1,U,K2,0.001
TO.MN.L10-TO.U.1,(58),Minneapolis,L10-TO,13.71884588227146,1,U,K3,0.971
TO.MN.L10-TO.U.2,(64),Minneapolis,L10-TO,13.71884588227146,2,U,K1,0.656
TO.MN.L10-TO.U.2,(64),Minneapolis,L10-TO,13.71884588227146,2,U,K2,0.343
TO.MN.L10-TO.U.2,(64),Minneapolis,L10-TO,13.71884588227146,2,U,K3,0.001
TO.MN.L10-TO.U.3,(62),Minneapolis,L10-TO,13.71884588227146,3,U,K1,0.572
TO.MN.L10-TO.U.3,(62),Minneapolis,L10-TO,13.71884588227146,3,U,K2,0.425
TO.MN.L10-TO.U.3,(62),Minneapolis,L10-TO,13.71884588227146,3,U,K3,0.003
TO.MN.L10-TO.U.4,(57),Minneapolis,L10-TO,13.71884588227146,4,U,K1,0.999
TO.MN.L10-TO.U.4,(57),Minneapolis,L10-TO,13.71884588227146,4,U,K2,0.001
TO.MN.L10-TO.U.4,(57),Minneapolis,L10-TO,13.71884588227146,4,U,K3,0.001
TO.BO.WL1.M.2,(54),Boston,WL1,14.533204650130944,2,M,K1,0.43
TO.BO.WL1.M.2,(54),Boston,WL1,14.533204650130944,2,M,K2,0.565
TO.BO.WL1.M.2,(54),Boston,WL1,14.533204650130944,2,M,K3,0.005
TO.BO.WL1.M.3,(64),Boston,WL1,14.533204650130944,3,M,K1,0.652
TO.BO.WL1.M.3,(64),Boston,WL1,14.533204650130944,3,M,K2,0.347
TO.BO.WL1.M.3,(64),Boston,WL1,14.533204650130944,3,M,K3,0.001
TO.BO.WL1.M.4,(58),Boston,WL1,14.533204650130944,4,M,K1,0.483
TO.BO.WL1.M.4,(58),Boston,WL1,14.533204650130944,4,M,K2,0.515
TO.BO.WL1.M.4,(58),Boston,WL1,14.533204650130944,4,M,K3,0.002
TO.BO.WL1.M.5,(89),Boston,WL1,14.533204650130944,5,M,K1,0.008
TO.BO.WL1.M.5,(89),Boston,WL1,14.533204650130944,5,M,K2,0.976
TO.BO.WL1.M.5,(89),Boston,WL1,14.533204650130944,5,M,K3,0.016
TO.PX.CLA.M.1,(90),Phoenix,CLA,14.885827283543108,1,M,K1,0.002
TO.PX.CLA.M.1,(90),Phoenix,CLA,14.885827283543108,1,M,K2,0.003
TO.PX.CLA.M.1,(90),Phoenix,CLA,14.885827283543108,1,M,K3,0.995
TO.MN.L11-TO.M.1,(56),Minneapolis,L11-TO,15.065535511879474,1,M,K1,0.998
TO.MN.L11-TO.M.1,(56),Minneapolis,L11-TO,15.065535511879474,1,M,K2,0.001
TO.MN.L11-TO.M.1,(56),Minneapolis,L11-TO,15.065535511879474,1,M,K3,0.001
TO.MN.L11-TO.M.2,(54),Minneapolis,L11-TO,15.065535511879474,2,M,K1,0.529
TO.MN.L11-TO.M.2,(54),Minneapolis,L11-TO,15.065535511879474,2,M,K2,0.468
TO.MN.L11-TO.M.2,(54),Minneapolis,L11-TO,15.065535511879474,2,M,K3,0.003
TO.MN.L11-TO.M.3,(46),Minneapolis,L11-TO,15.065535511879474,3,M,K1,0.562
TO.MN.L11-TO.M.3,(46),Minneapolis,L11-TO,15.065535511879474,3,M,K2,0.437
TO.MN.L11-TO.M.3,(46),Minneapolis,L11-TO,15.065535511879474,3,M,K3,0.001
TO.MN.L11-TO.M.5,(64),Minneapolis,L11-TO,15.065535511879474,5,M,K1,0.814
TO.MN.L11-TO.M.5,(64),Minneapolis,L11-TO,15.065535511879474,5,M,K2,0.089
TO.MN.L11-TO.M.5,(64),Minneapolis,L11-TO,15.065535511879474,5,M,K3,0.097
TO.MN.L01-TO.U.2,(63),Minneapolis,L01-TO,16.749485601385576,2,U,K1,0.644
TO.MN.L01-TO.U.2,(63),Minneapolis,L01-TO,16.749485601385576,2,U,K2,0.325
TO.MN.L01-TO.U.2,(63),Minneapolis,L01-TO,16.749485601385576,2,U,K3,0.031
TO.MN.L01-TO.U.4,(63),Minneapolis,L01-TO,16.749485601385576,4,U,K1,0.821
TO.MN.L01-TO.U.4,(63),Minneapolis,L01-TO,16.749485601385576,4,U,K2,0.178
TO.MN.L01-TO.U.4,(63),Minneapolis,L01-TO,16.749485601385576,4,U,K3,0.001
TO.MN.L01-TO.U.5,(56),Minneapolis,L01-TO,16.749485601385576,5,U,K1,0.997
TO.MN.L01-TO.U.5,(56),Minneapolis,L01-TO,16.749485601385576,5,U,K2,0.002
TO.MN.L01-TO.U.5,(56),Minneapolis,L01-TO,16.749485601385576,5,U,K3,0.001
TO.BO.HC2.M.1,(59),Boston,HC2,17.451061426376246,1,M,K1,0
TO.BO.HC2.M.1,(59),Boston,HC2,17.451061426376246,1,M,K2,0.999
TO.BO.HC2.M.1,(59),Boston,HC2,17.451061426376246,1,M,K3,0.001
TO.BO.HC2.M.3,(82),Boston,HC2,17.451061426376246,3,M,K1,0.001
TO.BO.HC2.M.3,(82),Boston,HC2,17.451061426376246,3,M,K2,0.998
TO.BO.HC2.M.3,(82),Boston,HC2,17.451061426376246,3,M,K3,0.001
TO.BO.HC2.M.4,(86),Boston,HC2,17.451061426376246,4,M,K1,0.037
TO.BO.HC2.M.4,(86),Boston,HC2,17.451061426376246,4,M,K2,0.961
TO.BO.HC2.M.4,(86),Boston,HC2,17.451061426376246,4,M,K3,0.002
TO.BO.HC2.M.5,(56),Boston,HC2,17.451061426376246,5,M,K1,0.561
TO.BO.HC2.M.5,(56),Boston,HC2,17.451061426376246,5,M,K2,0.437
TO.BO.HC2.M.5,(56),Boston,HC2,17.451061426376246,5,M,K3,0.002
TO.BA.CP.U.1,(71),Baltimore,CP,17.627778579497324,1,U,K1,0.009
TO.BA.CP.U.1,(71),Baltimore,CP,17.627778579497324,1,U,K2,0.99
TO.BA.CP.U.1,(71),Baltimore,CP,17.627778579497324,1,U,K3,0.001
TO.BA.CP.U.2,(72),Baltimore,CP,17.627778579497324,2,U,K1,0.004
TO.BA.CP.U.2,(72),Baltimore,CP,17.627778579497324,2,U,K2,0.996
TO.BA.CP.U.2,(72),Baltimore,CP,17.627778579497324,2,U,K3,0.001
TO.BA.CP.U.3,(63),Baltimore,CP,17.627778579497324,3,U,K1,0.047
TO.BA.CP.U.3,(63),Baltimore,CP,17.627778579497324,3,U,K2,0.952
TO.BA.CP.U.3,(63),Baltimore,CP,17.627778579497324,3,U,K3,0.001
TO.BA.CP.U.4,(52),Baltimore,CP,17.627778579497324,4,U,K1,0.001
TO.BA.CP.U.4,(52),Baltimore,CP,17.627778579497324,4,U,K2,0.001
TO.BA.CP.U.4,(52),Baltimore,CP,17.627778579497324,4,U,K3,0.998
TO.BO.HC1.M.1,(67),Boston,HC1,18.150702234447383,1,M,K1,0.001
TO.BO.HC1.M.1,(67),Boston,HC1,18.150702234447383,1,M,K2,0.001
TO.BO.HC1.M.1,(67),Boston,HC1,18.150702234447383,1,M,K3,0.998
TO.BO.HC1.M.2,(63),Boston,HC1,18.150702234447383,2,M,K1,0.25
TO.BO.HC1.M.2,(63),Boston,HC1,18.150702234447383,2,M,K2,0.747
TO.BO.HC1.M.2,(63),Boston,HC1,18.150702234447383,2,M,K3,0.002
TO.BO.HC1.M.3,(79),Boston,HC1,18.150702234447383,3,M,K1,0.002
TO.BO.HC1.M.3,(79),Boston,HC1,18.150702234447383,3,M,K2,0.019
TO.BO.HC1.M.3,(79),Boston,HC1,18.150702234447383,3,M,K3,0.979
TO.BO.HC1.M.4,(51),Boston,HC1,18.150702234447383,4,M,K1,0.376
TO.BO.HC1.M.4,(51),Boston,HC1,18.150702234447383,4,M,K2,0.623
TO.BO.HC1.M.4,(51),Boston,HC1,18.150702234447383,4,M,K3,0.001
TO.MN.L05-TO.M.1,(76),Minneapolis,L05-TO,18.672672010506155,1,M,K1,0.828
TO.MN.L05-TO.M.1,(76),Minneapolis,L05-TO,18.672672010506155,1,M,K2,0.17
TO.MN.L05-TO.M.1,(76),Minneapolis,L05-TO,18.672672010506155,1,M,K3,0.002
TO.MN.L05-TO.M.2,(77),Minneapolis,L05-TO,18.672672010506155,2,M,K1,0.443
TO.MN.L05-TO.M.2,(77),Minneapolis,L05-TO,18.672672010506155,2,M,K2,0.493
TO.MN.L05-TO.M.2,(77),Minneapolis,L05-TO,18.672672010506155,2,M,K3,0.064
TO.MN.L05-TO.M.3,(55),Minneapolis,L05-TO,18.672672010506155,3,M,K1,0.997
TO.MN.L05-TO.M.3,(55),Minneapolis,L05-TO,18.672672010506155,3,M,K2,0.001
TO.MN.L05-TO.M.3,(55),Minneapolis,L05-TO,18.672672010506155,3,M,K3,0.002
TO.MN.L05-TO.M.5,(45),Minneapolis,L05-TO,18.672672010506155,5,M,K1,0.989
TO.MN.L05-TO.M.5,(45),Minneapolis,L05-TO,18.672672010506155,5,M,K2,0.003
TO.MN.L05-TO.M.5,(45),Minneapolis,L05-TO,18.672672010506155,5,M,K3,0.009
TO.PX.WES.M.1,(57),Phoenix,WES,18.7666012803799,1,M,K1,0.002
TO.PX.WES.M.1,(57),Phoenix,WES,18.7666012803799,1,M,K2,0.001
TO.PX.WES.M.1,(57),Phoenix,WES,18.7666012803799,1,M,K3,0.997
TO.PX.WES.M.2,(53),Phoenix,WES,18.7666012803799,2,M,K1,0.001
TO.PX.WES.M.2,(53),Phoenix,WES,18.7666012803799,2,M,K2,0.004
TO.PX.WES.M.2,(53),Phoenix,WES,18.7666012803799,2,M,K3,0.995
TO.BO.LC1.M.1,(77),Boston,LC1,20.254327492049352,1,M,K1,0.508
TO.BO.LC1.M.1,(77),Boston,LC1,20.254327492049352,1,M,K2,0.482
TO.BO.LC1.M.1,(77),Boston,LC1,20.254327492049352,1,M,K3,0.011
TO.BO.LC1.M.2,(64),Boston,LC1,20.254327492049352,2,M,K1,0.004
TO.BO.LC1.M.2,(64),Boston,LC1,20.254327492049352,2,M,K2,0.001
TO.BO.LC1.M.2,(64),Boston,LC1,20.254327492049352,2,M,K3,0.995
TO.BO.LC1.M.4,(61),Boston,LC1,20.254327492049352,4,M,K1,0.014
TO.BO.LC1.M.4,(61),Boston,LC1,20.254327492049352,4,M,K2,0.888
TO.BO.LC1.M.4,(61),Boston,LC1,20.254327492049352,4,M,K3,0.097
TO.BO.LC3.M.1,(57),Boston,LC3,21.51105866510252,1,M,K1,0
TO.BO.LC3.M.1,(57),Boston,LC3,21.51105866510252,1,M,K2,0.999
TO.BO.LC3.M.1,(57),Boston,LC3,21.51105866510252,1,M,K3,0
TO.BO.LC3.M.5,(61),Boston,LC3,21.51105866510252,5,M,K1,0.452
TO.BO.LC3.M.5,(61),Boston,LC3,21.51105866510252,5,M,K2,0.547
TO.BO.LC3.M.5,(61),Boston,LC3,21.51105866510252,5,M,K3,0.001
TO.BO.HC3.M.1,(76),Boston,HC3,21.66843999850111,1,M,K1,0.015
TO.BO.HC3.M.1,(76),Boston,HC3,21.66843999850111,1,M,K2,0.984
TO.BO.HC3.M.1,(76),Boston,HC3,21.66843999850111,1,M,K3,0.001
TO.BO.HC3.M.2,(80),Boston,HC3,21.66843999850111,2,M,K1,0.008
TO.BO.HC3.M.2,(80),Boston,HC3,21.66843999850111,2,M,K2,0.466
TO.BO.HC3.M.2,(80),Boston,HC3,21.66843999850111,2,M,K3,0.525
TO.BO.HC3.M.3,(61),Boston,HC3,21.66843999850111,3,M,K1,0.998
TO.BO.HC3.M.3,(61),Boston,HC3,21.66843999850111,3,M,K2,0.001
TO.BO.HC3.M.3,(61),Boston,HC3,21.66843999850111,3,M,K3,0.001
TO.BO.HC3.M.4,(60),Boston,HC3,21.66843999850111,4,M,K1,0.003
TO.BO.HC3.M.4,(60),Boston,HC3,21.66843999850111,4,M,K2,0.879
TO.BO.HC3.M.4,(60),Boston,HC3,21.66843999850111,4,M,K3,0.118
TO.BA.LH-1.M.2,(70),Baltimore,LH-1,22.51143296141457,2,M,K1,0.204
TO.BA.LH-1.M.2,(70),Baltimore,LH-1,22.51143296141457,2,M,K2,0.794
TO.BA.LH-1.M.2,(70),Baltimore,LH-1,22.51143296141457,2,M,K3,0.002
TO.BA.LH-1.M.4,(65),Baltimore,LH-1,22.51143296141457,4,M,K1,0.205
TO.BA.LH-1.M.4,(65),Baltimore,LH-1,22.51143296141457,4,M,K2,0.002
TO.BA.LH-1.M.4,(65),Baltimore,LH-1,22.51143296141457,4,M,K3,0.794
TO.BA.LH-1.M.5,(60),Baltimore,LH-1,22.51143296141457,5,M,K1,0.994
TO.BA.LH-1.M.5,(60),Baltimore,LH-1,22.51143296141457,5,M,K2,0.002
TO.BA.LH-1.M.5,(60),Baltimore,LH-1,22.51143296141457,5,M,K3,0.003
TO.MN.L07-TO.U.1,(81),Minneapolis,L07-TO,24.839230066003424,1,U,K1,0.005
TO.MN.L07-TO.U.1,(81),Minneapolis,L07-TO,24.839230066003424,1,U,K2,0.972
TO.MN.L07-TO.U.1,(81),Minneapolis,L07-TO,24.839230066003424,1,U,K3,0.023
TO.MN.L07-TO.U.2,(69),Minneapolis,L07-TO,24.839230066003424,2,U,K1,0.997
TO.MN.L07-TO.U.2,(69),Minneapolis,L07-TO,24.839230066003424,2,U,K2,0.002
TO.MN.L07-TO.U.2,(69),Minneapolis,L07-TO,24.839230066003424,2,U,K3,0.001
TO.MN.L07-TO.U.3,(59),Minneapolis,L07-TO,24.839230066003424,3,U,K1,0.524
TO.MN.L07-TO.U.3,(59),Minneapolis,L07-TO,24.839230066003424,3,U,K2,0.47
TO.MN.L07-TO.U.3,(59),Minneapolis,L07-TO,24.839230066003424,3,U,K3,0.007
TO.MN.L07-TO.U.5,(84),Minneapolis,L07-TO,24.839230066003424,5,U,K1,0.009
TO.MN.L07-TO.U.5,(84),Minneapolis,L07-TO,24.839230066003424,5,U,K2,0.989
TO.MN.L07-TO.U.5,(84),Minneapolis,L07-TO,24.839230066003424,5,U,K3,0.002
TO.MN.L07-TO.M.2,(55),Minneapolis,L07-TO,25.02096618407255,2,M,K1,0.006
TO.MN.L07-TO.M.2,(55),Minneapolis,L07-TO,25.02096618407255,2,M,K2,0.017
TO.MN.L07-TO.M.2,(55),Minneapolis,L07-TO,25.02096618407255,2,M,K3,0.978
TO.MN.L07-TO.M.3,(64),Minneapolis,L07-TO,25.02096618407255,3,M,K1,0.999
TO.MN.L07-TO.M.3,(64),Minneapolis,L07-TO,25.02096618407255,3,M,K2,0.001
TO.MN.L07-TO.M.3,(64),Minneapolis,L07-TO,25.02096618407255,3,M,K3,0.001
TO.MN.L07-TO.M.4,(80),Minneapolis,L07-TO,25.02096618407255,4,M,K1,0.005
TO.MN.L07-TO.M.4,(80),Minneapolis,L07-TO,25.02096618407255,4,M,K2,0.49
TO.MN.L07-TO.M.4,(80),Minneapolis,L07-TO,25.02096618407255,4,M,K3,0.505
TO.MN.L07-TO.M.5,(57),Minneapolis,L07-TO,25.02096618407255,5,M,K1,0.004
TO.MN.L07-TO.M.5,(57),Minneapolis,L07-TO,25.02096618407255,5,M,K2,0.001
TO.MN.L07-TO.M.5,(57),Minneapolis,L07-TO,25.02096618407255,5,M,K3,0.995
TO.BO.LC2.M.1,(57),Boston,LC2,27.3766498955428,1,M,K1,0.021
TO.BO.LC2.M.1,(57),Boston,LC2,27.3766498955428,1,M,K2,0.811
TO.BO.LC2.M.1,(57),Boston,LC2,27.3766498955428,1,M,K3,0.168
TO.BO.LC2.M.2,(59),Boston,LC2,27.3766498955428,2,M,K1,0.518
TO.BO.LC2.M.2,(59),Boston,LC2,27.3766498955428,2,M,K2,0.481
TO.BO.LC2.M.2,(59),Boston,LC2,27.3766498955428,2,M,K3,0.001
TO.BO.LC2.M.3,(66),Boston,LC2,27.3766498955428,3,M,K1,0.001
TO.BO.LC2.M.3,(66),Boston,LC2,27.3766498955428,3,M,K2,0.998
TO.BO.LC2.M.3,(66),Boston,LC2,27.3766498955428,3,M,K3,0.001
TO.BO.LC2.M.5,(44),Boston,LC2,27.3766498955428,5,M,K1,0.002
TO.BO.LC2.M.5,(44),Boston,LC2,27.3766498955428,5,M,K2,0.99
TO.BO.LC2.M.5,(44),Boston,LC2,27.3766498955428,5,M,K3,0.008
TO.BA.LH-3.M.2,(66),Baltimore,LH-3,28.597635768928697,2,M,K1,0.984
TO.BA.LH-3.M.2,(66),Baltimore,LH-3,28.597635768928697,2,M,K2,0.014
TO.BA.LH-3.M.2,(66),Baltimore,LH-3,28.597635768928697,2,M,K3,0.003
TO.BA.LH-3.M.4,(50),Baltimore,LH-3,28.597635768928697,4,M,K1,0.999
TO.BA.LH-3.M.4,(50),Baltimore,LH-3,28.597635768928697,4,M,K2,0.001
TO.BA.LH-3.M.4,(50),Baltimore,LH-3,28.597635768928697,4,M,K3,0.001
TO.BA.LH-3.M.5,(60),Baltimore,LH-3,28.597635768928697,5,M,K1,0.998
TO.BA.LH-3.M.5,(60),Baltimore,LH-3,28.597635768928697,5,M,K2,0.001
TO.BA.LH-3.M.5,(60),Baltimore,LH-3,28.597635768928697,5,M,K3,0.001
TO.PX.DF1.M.1,(78),Phoenix,DF1,29.679793317629027,1,M,K1,0.001
TO.PX.DF1.M.1,(78),Phoenix,DF1,29.679793317629027,1,M,K2,0.001
TO.PX.DF1.M.1,(78),Phoenix,DF1,29.679793317629027,1,M,K3,0.998
TO.PX.DF2.M.1,(75),Phoenix,DF2,29.679793317629027,1,M,K1,0.501
TO.PX.DF2.M.1,(75),Phoenix,DF2,29.679793317629027,1,M,K2,0.472
TO.PX.DF2.M.1,(75),Phoenix,DF2,29.679793317629027,1,M,K3,0.027
TO.BA.WGP.M.1,(75),Baltimore,WGP,30.4150617880518,1,M,K1,0.47
TO.BA.WGP.M.1,(75),Baltimore,WGP,30.4150617880518,1,M,K2,0.417
TO.BA.WGP.M.1,(75),Baltimore,WGP,30.4150617880518,1,M,K3,0.113
TO.BA.WGP.M.3,(51),Baltimore,WGP,30.4150617880518,3,M,K1,0.996
TO.BA.WGP.M.3,(51),Baltimore,WGP,30.4150617880518,3,M,K2,0.002
TO.BA.WGP.M.3,(51),Baltimore,WGP,30.4150617880518,3,M,K3,0.001
TO.BA.WGP.M.5,(88),Baltimore,WGP,30.4150617880518,5,M,K1,0.447
TO.BA.WGP.M.5,(88),Baltimore,WGP,30.4150617880518,5,M,K2,0.53
TO.BA.WGP.M.5,(88),Baltimore,WGP,30.4150617880518,5,M,K3,0.023
TO.BA.RG-2.M.1,(87),Baltimore,RG-2,33.051016532665145,1,M,K1,0.609
TO.BA.RG-2.M.1,(87),Baltimore,RG-2,33.051016532665145,1,M,K2,0.385
TO.BA.RG-2.M.1,(87),Baltimore,RG-2,33.051016532665145,1,M,K3,0.005
TO.BA.RG-2.M.2,(72),Baltimore,RG-2,33.051016532665145,2,M,K1,0.172
TO.BA.RG-2.M.2,(72),Baltimore,RG-2,33.051016532665145,2,M,K2,0.828
TO.BA.RG-2.M.2,(72),Baltimore,RG-2,33.051016532665145,2,M,K3,0.001
TO.BA.RG-2.M.4,(87),Baltimore,RG-2,33.051016532665145,4,M,K1,0.03
TO.BA.RG-2.M.4,(87),Baltimore,RG-2,33.051016532665145,4,M,K2,0.965
TO.BA.RG-2.M.4,(87),Baltimore,RG-2,33.051016532665145,4,M,K3,0.006
TO.BA.RG-2.M.5,(58),Baltimore,RG-2,33.051016532665145,5,M,K1,0.994
TO.BA.RG-2.M.5,(58),Baltimore,RG-2,33.051016532665145,5,M,K2,0.004
TO.BA.RG-2.M.5,(58),Baltimore,RG-2,33.051016532665145,5,M,K3,0.003
TO.MN.L10-TO.M.1,(75),Minneapolis,L10-TO,34.982170058753425,1,M,K1,0.003
TO.MN.L10-TO.M.1,(75),Minneapolis,L10-TO,34.982170058753425,1,M,K2,0.996
TO.MN.L10-TO.M.1,(75),Minneapolis,L10-TO,34.982170058753425,1,M,K3,0.001
TO.MN.L10-TO.M.3,(81),Minneapolis,L10-TO,34.982170058753425,3,M,K1,0.008
TO.MN.L10-TO.M.3,(81),Minneapolis,L10-TO,34.982170058753425,3,M,K2,0.28
TO.MN.L10-TO.M.3,(81),Minneapolis,L10-TO,34.982170058753425,3,M,K3,0.712
TO.MN.L10-TO.M.4,(56),Minneapolis,L10-TO,34.982170058753425,4,M,K1,0.006
TO.MN.L10-TO.M.4,(56),Minneapolis,L10-TO,34.982170058753425,4,M,K2,0.003
TO.MN.L10-TO.M.4,(56),Minneapolis,L10-TO,34.982170058753425,4,M,K3,0.992
TO.BA.TRC.U.1,(100),Baltimore,TRC,35.966652191392896,1,U,K1,0.332
TO.BA.TRC.U.1,(100),Baltimore,TRC,35.966652191392896,1,U,K2,0.336
TO.BA.TRC.U.1,(100),Baltimore,TRC,35.966652191392896,1,U,K3,0.332
TO.BA.TRC.U.2,(99),Baltimore,TRC,35.966652191392896,2,U,K1,0.321
TO.BA.TRC.U.2,(99),Baltimore,TRC,35.966652191392896,2,U,K2,0.359
TO.BA.TRC.U.2,(99),Baltimore,TRC,35.966652191392896,2,U,K3,0.32
TO.BA.TRC.U.3,(100),Baltimore,TRC,35.966652191392896,3,U,K1,0.333
TO.BA.TRC.U.3,(100),Baltimore,TRC,35.966652191392896,3,U,K2,0.335
TO.BA.TRC.U.3,(100),Baltimore,TRC,35.966652191392896,3,U,K3,0.332
TO.LA.HAR.M.4,(87),Los Angeles,HAR,39.67907724768159,4,M,K1,0.003
TO.LA.HAR.M.4,(87),Los Angeles,HAR,39.67907724768159,4,M,K2,0.995
TO.LA.HAR.M.4,(87),Los Angeles,HAR,39.67907724768159,4,M,K3,0.002
TO.BA.WB.U.1,(54),Baltimore,WB,40.287511059551015,1,U,K1,0.004
TO.BA.WB.U.1,(54),Baltimore,WB,40.287511059551015,1,U,K2,0.007
TO.BA.WB.U.1,(54),Baltimore,WB,40.287511059551015,1,U,K3,0.989
TO.BA.WB.U.2,(59),Baltimore,WB,40.287511059551015,2,U,K1,0.001
TO.BA.WB.U.2,(59),Baltimore,WB,40.287511059551015,2,U,K2,0.001
TO.BA.WB.U.2,(59),Baltimore,WB,40.287511059551015,2,U,K3,0.998
TO.BA.WB.U.4,(70),Baltimore,WB,40.287511059551015,4,U,K1,0.229
TO.BA.WB.U.4,(70),Baltimore,WB,40.287511059551015,4,U,K2,0.001
TO.BA.WB.U.4,(70),Baltimore,WB,40.287511059551015,4,U,K3,0.77
TO.BA.GA.U.1,(61),Baltimore,GA,41.15783720861411,1,U,K1,0.996
TO.BA.GA.U.1,(61),Baltimore,GA,41.15783720861411,1,U,K2,0.002
TO.BA.GA.U.1,(61),Baltimore,GA,41.15783720861411,1,U,K3,0.002
TO.BA.GA.U.2,(54),Baltimore,GA,41.15783720861411,2,U,K1,0.345
TO.BA.GA.U.2,(54),Baltimore,GA,41.15783720861411,2,U,K2,0.649
TO.BA.GA.U.2,(54),Baltimore,GA,41.15783720861411,2,U,K3,0.006
TO.BA.GA.U.3,(64),Baltimore,GA,41.15783720861411,3,U,K1,0.404
TO.BA.GA.U.3,(64),Baltimore,GA,41.15783720861411,3,U,K2,0.593
TO.BA.GA.U.3,(64),Baltimore,GA,41.15783720861411,3,U,K3,0.002
TO.BA.GA.U.4,(61),Baltimore,GA,41.15783720861411,4,U,K1,0.55
TO.BA.GA.U.4,(61),Baltimore,GA,41.15783720861411,4,U,K2,0.445
TO.BA.GA.U.4,(61),Baltimore,GA,41.15783720861411,4,U,K3,0.005
TO.BA.GA.U.5,(79),Baltimore,GA,41.15783720861411,5,U,K1,0.198
TO.BA.GA.U.5,(79),Baltimore,GA,41.15783720861411,5,U,K2,0.443
TO.BA.GA.U.5,(79),Baltimore,GA,41.15783720861411,5,U,K3,0.359
TO.BO.HC4.M.4,(53),Boston,HC4,43.12462137236606,4,M,K1,0.004
TO.BO.HC4.M.4,(53),Boston,HC4,43.12462137236606,4,M,K2,0.99
TO.BO.HC4.M.4,(53),Boston,HC4,43.12462137236606,4,M,K3,0.006
TO.BO.HC4.M.5,(59),Boston,HC4,43.12462137236606,5,M,K1,0.001
TO.BO.HC4.M.5,(59),Boston,HC4,43.12462137236606,5,M,K2,0.998
TO.BO.HC4.M.5,(59),Boston,HC4,43.12462137236606,5,M,K3,0.001
TO.PX.ALA.M.2,(70),Phoenix,ALA,45.09163990374475,2,M,K1,0.002
TO.PX.ALA.M.2,(70),Phoenix,ALA,45.09163990374475,2,M,K2,0.997
TO.PX.ALA.M.2,(70),Phoenix,ALA,45.09163990374475,2,M,K3,0.001
TO.PX.ALA.M.3,(85),Phoenix,ALA,45.09163990374475,3,M,K1,0.829
TO.PX.ALA.M.3,(85),Phoenix,ALA,45.09163990374475,3,M,K2,0.139
TO.PX.ALA.M.3,(85),Phoenix,ALA,45.09163990374475,3,M,K3,0.031
TO.PX.ALA.M.4,(84),Phoenix,ALA,45.09163990374475,4,M,K1,0.001
TO.PX.ALA.M.4,(84),Phoenix,ALA,45.09163990374475,4,M,K2,0.001
TO.PX.ALA.M.4,(84),Phoenix,ALA,45.09163990374475,4,M,K3,0.998
TO.PX.ALA.M.5,(79),Phoenix,ALA,45.09163990374475,5,M,K1,0.001
TO.PX.ALA.M.5,(79),Phoenix,ALA,45.09163990374475,5,M,K2,0.001
TO.PX.ALA.M.5,(79),Phoenix,ALA,45.09163990374475,5,M,K3,0.999
TO.PX.LAP.M.3,(83),Phoenix,LAP,45.77644824116116,3,M,K1,0.001
TO.PX.LAP.M.3,(83),Phoenix,LAP,45.77644824116116,3,M,K2,0.001
TO.PX.LAP.M.3,(83),Phoenix,LAP,45.77644824116116,3,M,K3,0.998
TO.PX.LAP.M.4,(78),Phoenix,LAP,45.77644824116116,4,M,K1,0.001
TO.PX.LAP.M.4,(78),Phoenix,LAP,45.77644824116116,4,M,K2,0.001
TO.PX.LAP.M.4,(78),Phoenix,LAP,45.77644824116116,4,M,K3,0.998
TO.LA.GLO.M.2,(81),Los Angeles,GLO,45.98416046905709,2,M,K1,0.003
TO.LA.GLO.M.2,(81),Los Angeles,GLO,45.98416046905709,2,M,K2,0.995
TO.LA.GLO.M.2,(81),Los Angeles,GLO,45.98416046905709,2,M,K3,0.002
TO.LA.GLO.M.5,(60),Los Angeles,GLO,45.98416046905709,5,M,K1,0.002
TO.LA.GLO.M.5,(60),Los Angeles,GLO,45.98416046905709,5,M,K2,0.989
TO.LA.GLO.M.5,(60),Los Angeles,GLO,45.98416046905709,5,M,K3,0.009
TO.LA.RID.M.1,(99),Los Angeles,RID,46.57262957035909,1,M,K1,0.26
TO.LA.RID.M.1,(99),Los Angeles,RID,46.57262957035909,1,M,K2,0.568
TO.LA.RID.M.1,(99),Los Angeles,RID,46.57262957035909,1,M,K3,0.171
TO.MN.L04-TO.U.1,(49),Minneapolis,L04-TO,47.295827214072894,1,U,K1,0.862
TO.MN.L04-TO.U.1,(49),Minneapolis,L04-TO,47.295827214072894,1,U,K2,0.041
TO.MN.L04-TO.U.1,(49),Minneapolis,L04-TO,47.295827214072894,1,U,K3,0.097
TO.MN.L04-TO.U.3,(63),Minneapolis,L04-TO,47.295827214072894,3,U,K1,0.515
TO.MN.L04-TO.U.3,(63),Minneapolis,L04-TO,47.295827214072894,3,U,K2,0.473
TO.MN.L04-TO.U.3,(63),Minneapolis,L04-TO,47.295827214072894,3,U,K3,0.011
TO.MN.L04-TO.U.5,(63),Minneapolis,L04-TO,47.295827214072894,5,U,K1,0.989
TO.MN.L04-TO.U.5,(63),Minneapolis,L04-TO,47.295827214072894,5,U,K2,0.002
TO.MN.L04-TO.U.5,(63),Minneapolis,L04-TO,47.295827214072894,5,U,K3,0.01
TO.BO.WL3.M.1,(60),Boston,WL3,48.04664999911718,1,M,K1,0.997
TO.BO.WL3.M.1,(60),Boston,WL3,48.04664999911718,1,M,K2,0.002
TO.BO.WL3.M.1,(60),Boston,WL3,48.04664999911718,1,M,K3,0.001
TO.BO.WL3.M.2,(73),Boston,WL3,48.04664999911718,2,M,K1,0.001
TO.BO.WL3.M.2,(73),Boston,WL3,48.04664999911718,2,M,K2,0.999
TO.BO.WL3.M.2,(73),Boston,WL3,48.04664999911718,2,M,K3,0.001
TO.BO.WL3.M.3,(60),Boston,WL3,48.04664999911718,3,M,K1,0.998
TO.BO.WL3.M.3,(60),Boston,WL3,48.04664999911718,3,M,K2,0.001
TO.BO.WL3.M.3,(60),Boston,WL3,48.04664999911718,3,M,K3,0.001
TO.BO.WL3.M.4,(78),Boston,WL3,48.04664999911718,4,M,K1,0.001
TO.BO.WL3.M.4,(78),Boston,WL3,48.04664999911718,4,M,K2,0.998
TO.BO.WL3.M.4,(78),Boston,WL3,48.04664999911718,4,M,K3,0.001
TO.BO.WL3.M.5,(73),Boston,WL3,48.04664999911718,5,M,K1,0.012
TO.BO.WL3.M.5,(73),Boston,WL3,48.04664999911718,5,M,K2,0.986
TO.BO.WL3.M.5,(73),Boston,WL3,48.04664999911718,5,M,K3,0.001
TO.BA.LH-2.M.1,(57),Baltimore,LH-2,52.73739538362332,1,M,K1,0.178
TO.BA.LH-2.M.1,(57),Baltimore,LH-2,52.73739538362332,1,M,K2,0.819
TO.BA.LH-2.M.1,(57),Baltimore,LH-2,52.73739538362332,1,M,K3,0.003
TO.BA.LH-2.M.2,(60),Baltimore,LH-2,52.73739538362332,2,M,K1,0.026
TO.BA.LH-2.M.2,(60),Baltimore,LH-2,52.73739538362332,2,M,K2,0.006
TO.BA.LH-2.M.2,(60),Baltimore,LH-2,52.73739538362332,2,M,K3,0.968
TO.BA.LH-2.M.3,(87),Baltimore,LH-2,52.73739538362332,3,M,K1,0.966
TO.BA.LH-2.M.3,(87),Baltimore,LH-2,52.73739538362332,3,M,K2,0.032
TO.BA.LH-2.M.3,(87),Baltimore,LH-2,52.73739538362332,3,M,K3,0.002
TO.BA.LH-2.M.4,(61),Baltimore,LH-2,52.73739538362332,4,M,K1,0.998
TO.BA.LH-2.M.4,(61),Baltimore,LH-2,52.73739538362332,4,M,K2,0.001
TO.BA.LH-2.M.4,(61),Baltimore,LH-2,52.73739538362332,4,M,K3,0.001
TO.LA.MR1.M.1,(49),Los Angeles,MR1,53.88165679100358,1,M,K1,0.001
TO.LA.MR1.M.1,(49),Los Angeles,MR1,53.88165679100358,1,M,K2,0.019
TO.LA.MR1.M.1,(49),Los Angeles,MR1,53.88165679100358,1,M,K3,0.981
TO.LA.MR1.M.2,(61),Los Angeles,MR1,53.88165679100358,2,M,K1,0.001
TO.LA.MR1.M.2,(61),Los Angeles,MR1,53.88165679100358,2,M,K2,0.991
TO.LA.MR1.M.2,(61),Los Angeles,MR1,53.88165679100358,2,M,K3,0.007
TO.LA.MR1.M.3,(53),Los Angeles,MR1,53.88165679100358,3,M,K1,0.001
TO.LA.MR1.M.3,(53),Los Angeles,MR1,53.88165679100358,3,M,K2,0.001
TO.LA.MR1.M.3,(53),Los Angeles,MR1,53.88165679100358,3,M,K3,0.998
TO.LA.MR1.M.4,(55),Los Angeles,MR1,53.88165679100358,4,M,K1,0.002
TO.LA.MR1.M.4,(55),Los Angeles,MR1,53.88165679100358,4,M,K2,0.995
TO.LA.MR1.M.4,(55),Los Angeles,MR1,53.88165679100358,4,M,K3,0.003
TO.LA.STC.M.3,(58),Los Angeles,STC,54.45013925374722,3,M,K1,0.017
TO.LA.STC.M.3,(58),Los Angeles,STC,54.45013925374722,3,M,K2,0.978
TO.LA.STC.M.3,(58),Los Angeles,STC,54.45013925374722,3,M,K3,0.004
TO.LA.STC.M.5,(58),Los Angeles,STC,54.45013925374722,5,M,K1,0.005
TO.LA.STC.M.5,(58),Los Angeles,STC,54.45013925374722,5,M,K2,0.977
TO.LA.STC.M.5,(58),Los Angeles,STC,54.45013925374722,5,M,K3,0.018
TO.BA.WBO.U.2,(62),Baltimore,WBO,56.230108457961585,2,U,K1,0.664
TO.BA.WBO.U.2,(62),Baltimore,WBO,56.230108457961585,2,U,K2,0.324
TO.BA.WBO.U.2,(62),Baltimore,WBO,56.230108457961585,2,U,K3,0.012
TO.BA.WBO.U.4,(72),Baltimore,WBO,56.230108457961585,4,U,K1,0.996
TO.BA.WBO.U.4,(72),Baltimore,WBO,56.230108457961585,4,U,K2,0.003
TO.BA.WBO.U.4,(72),Baltimore,WBO,56.230108457961585,4,U,K3,0.001
TO.BO.LC4.M.1,(63),Boston,LC4,57.865965671233255,1,M,K1,0.351
TO.BO.LC4.M.1,(63),Boston,LC4,57.865965671233255,1,M,K2,0.645
TO.BO.LC4.M.1,(63),Boston,LC4,57.865965671233255,1,M,K3,0.004
TO.BO.LC4.M.2,(75),Boston,LC4,57.865965671233255,2,M,K1,0.003
TO.BO.LC4.M.2,(75),Boston,LC4,57.865965671233255,2,M,K2,0.943
TO.BO.LC4.M.2,(75),Boston,LC4,57.865965671233255,2,M,K3,0.053
TO.BO.LC4.M.3,(63),Boston,LC4,57.865965671233255,3,M,K1,0.296
TO.BO.LC4.M.3,(63),Boston,LC4,57.865965671233255,3,M,K2,0.473
TO.BO.LC4.M.3,(63),Boston,LC4,57.865965671233255,3,M,K3,0.231
TO.BO.LC4.M.5,(72),Boston,LC4,57.865965671233255,5,M,K1,0.003
TO.BO.LC4.M.5,(72),Boston,LC4,57.865965671233255,5,M,K2,0.995
TO.BO.LC4.M.5,(72),Boston,LC4,57.865965671233255,5,M,K3,0.002
TO.BO.WL2.M.1,(48),Boston,WL2,58.94951385409078,1,M,K1,0.001
TO.BO.WL2.M.1,(48),Boston,WL2,58.94951385409078,1,M,K2,0.001
TO.BO.WL2.M.1,(48),Boston,WL2,58.94951385409078,1,M,K3,0.998
TO.BO.WL2.M.3,(58),Boston,WL2,58.94951385409078,3,M,K1,0.001
TO.BO.WL2.M.3,(58),Boston,WL2,58.94951385409078,3,M,K2,0.004
TO.BO.WL2.M.3,(58),Boston,WL2,58.94951385409078,3,M,K3,0.995
TO.BO.WL4.M.1,(63),Boston,WL4,59.36493237378695,1,M,K1,0.215
TO.BO.WL4.M.1,(63),Boston,WL4,59.36493237378695,1,M,K2,0.784
TO.BO.WL4.M.1,(63),Boston,WL4,59.36493237378695,1,M,K3,0.001
TO.BO.WL4.M.2,(91),Boston,WL4,59.36493237378695,2,M,K1,0.016
TO.BO.WL4.M.2,(91),Boston,WL4,59.36493237378695,2,M,K2,0.982
TO.BO.WL4.M.2,(91),Boston,WL4,59.36493237378695,2,M,K3,0.002
TO.BO.WL4.M.3,(75),Boston,WL4,59.36493237378695,3,M,K1,0.001
TO.BO.WL4.M.3,(75),Boston,WL4,59.36493237378695,3,M,K2,0.998
TO.BO.WL4.M.3,(75),Boston,WL4,59.36493237378695,3,M,K3,0.001
TO.BO.WL4.M.5,(66),Boston,WL4,59.36493237378695,5,M,K1,0.001
TO.BO.WL4.M.5,(66),Boston,WL4,59.36493237378695,5,M,K2,0.998
TO.BO.WL4.M.5,(66),Boston,WL4,59.36493237378695,5,M,K3,0.001
TO.BA.AA.U.2,(61),Baltimore,AA,60.90900528817574,2,U,K1,0.778
TO.BA.AA.U.2,(61),Baltimore,AA,60.90900528817574,2,U,K2,0.207
TO.BA.AA.U.2,(61),Baltimore,AA,60.90900528817574,2,U,K3,0.014
TO.BA.AA.U.3,(69),Baltimore,AA,60.90900528817574,3,U,K1,0.042
TO.BA.AA.U.3,(69),Baltimore,AA,60.90900528817574,3,U,K2,0.957
TO.BA.AA.U.3,(69),Baltimore,AA,60.90900528817574,3,U,K3,0.001
TO.BA.AA.U.5,(71),Baltimore,AA,60.90900528817574,5,U,K1,0.017
TO.BA.AA.U.5,(71),Baltimore,AA,60.90900528817574,5,U,K2,0.026
TO.BA.AA.U.5,(71),Baltimore,AA,60.90900528817574,5,U,K3,0.957
TO.BA.DHI.U.5,(99),Baltimore,DHI,62.62271578809053,5,U,K1,0.433
TO.BA.DHI.U.5,(99),Baltimore,DHI,62.62271578809053,5,U,K2,0.148
TO.BA.DHI.U.5,(99),Baltimore,DHI,62.62271578809053,5,U,K3,0.42
TO.MN.L02-TO.M.1,(63),Minneapolis,L02-TO,63.36575489463032,1,M,K1,0.997
TO.MN.L02-TO.M.1,(63),Minneapolis,L02-TO,63.36575489463032,1,M,K2,0.001
TO.MN.L02-TO.M.1,(63),Minneapolis,L02-TO,63.36575489463032,1,M,K3,0.002
TO.MN.L02-TO.M.3,(59),Minneapolis,L02-TO,63.36575489463032,3,M,K1,0.99
TO.MN.L02-TO.M.3,(59),Minneapolis,L02-TO,63.36575489463032,3,M,K2,0.001
TO.MN.L02-TO.M.3,(59),Minneapolis,L02-TO,63.36575489463032,3,M,K3,0.009
TO.MN.L02-TO.M.4,(62),Minneapolis,L02-TO,63.36575489463032,4,M,K1,0.996
TO.MN.L02-TO.M.4,(62),Minneapolis,L02-TO,63.36575489463032,4,M,K2,0.001
TO.MN.L02-TO.M.4,(62),Minneapolis,L02-TO,63.36575489463032,4,M,K3,0.003
TO.LA.WHI.M.5,(76),Los Angeles,WHI,64.47090966205901,5,M,K1,0.002
TO.LA.WHI.M.5,(76),Los Angeles,WHI,64.47090966205901,5,M,K2,0.997
TO.LA.WHI.M.5,(76),Los Angeles,WHI,64.47090966205901,5,M,K3,0.001
TO.LA.ROS.M.1,(71),Los Angeles,ROS,64.49265713419467,1,M,K1,0.001
TO.LA.ROS.M.1,(71),Los Angeles,ROS,64.49265713419467,1,M,K2,0.002
TO.LA.ROS.M.1,(71),Los Angeles,ROS,64.49265713419467,1,M,K3,0.997
TO.LA.ROS.M.3,(88),Los Angeles,ROS,64.49265713419467,3,M,K1,0.009
TO.LA.ROS.M.3,(88),Los Angeles,ROS,64.49265713419467,3,M,K2,0.018
TO.LA.ROS.M.3,(88),Los Angeles,ROS,64.49265713419467,3,M,K3,0.973
TO.BA.FH.U.1,(99),Baltimore,FH,69.49285252042446,1,U,K1,0.422
TO.BA.FH.U.1,(99),Baltimore,FH,69.49285252042446,1,U,K2,0.319
TO.BA.FH.U.1,(99),Baltimore,FH,69.49285252042446,1,U,K3,0.26
TO.BA.FH.U.2,(64),Baltimore,FH,69.49285252042446,2,U,K1,0.358
TO.BA.FH.U.2,(64),Baltimore,FH,69.49285252042446,2,U,K2,0.641
TO.BA.FH.U.2,(64),Baltimore,FH,69.49285252042446,2,U,K3,0.001
TO.BA.FH.U.4,(72),Baltimore,FH,69.49285252042446,4,U,K1,0.987
TO.BA.FH.U.4,(72),Baltimore,FH,69.49285252042446,4,U,K2,0.008
TO.BA.FH.U.4,(72),Baltimore,FH,69.49285252042446,4,U,K3,0.005
TO.BA.FH.U.5,(88),Baltimore,FH,69.49285252042446,5,U,K1,0.6
TO.BA.FH.U.5,(88),Baltimore,FH,69.49285252042446,5,U,K2,0.398
TO.BA.FH.U.5,(88),Baltimore,FH,69.49285252042446,5,U,K3,0.002
TO.MN.L03-TO.M.1,(63),Minneapolis,L03-TO,71.9301468360048,1,M,K1,0.661
TO.MN.L03-TO.M.1,(63),Minneapolis,L03-TO,71.9301468360048,1,M,K2,0.336
TO.MN.L03-TO.M.1,(63),Minneapolis,L03-TO,71.9301468360048,1,M,K3,0.003
TO.MN.L03-TO.M.2,(59),Minneapolis,L03-TO,71.9301468360048,2,M,K1,0.993
TO.MN.L03-TO.M.2,(59),Minneapolis,L03-TO,71.9301468360048,2,M,K2,0.006
TO.MN.L03-TO.M.2,(59),Minneapolis,L03-TO,71.9301468360048,2,M,K3,0.001
TO.MN.L03-TO.M.4,(60),Minneapolis,L03-TO,71.9301468360048,4,M,K1,0.65
TO.MN.L03-TO.M.4,(60),Minneapolis,L03-TO,71.9301468360048,4,M,K2,0.349
TO.MN.L03-TO.M.4,(60),Minneapolis,L03-TO,71.9301468360048,4,M,K3,0.001
TO.BA.PIK.U.2,(58),Baltimore,PIK,72.89020370946608,2,U,K1,0.994
TO.BA.PIK.U.2,(58),Baltimore,PIK,72.89020370946608,2,U,K2,0.003
TO.BA.PIK.U.2,(58),Baltimore,PIK,72.89020370946608,2,U,K3,0.003
TO.BA.PIK.U.3,(74),Baltimore,PIK,72.89020370946608,3,U,K1,0.004
TO.BA.PIK.U.3,(74),Baltimore,PIK,72.89020370946608,3,U,K2,0.451
TO.BA.PIK.U.3,(74),Baltimore,PIK,72.89020370946608,3,U,K3,0.545
TO.BA.PIK.U.4,(61),Baltimore,PIK,72.89020370946608,4,U,K1,0.98
TO.BA.PIK.U.4,(61),Baltimore,PIK,72.89020370946608,4,U,K2,0.018
TO.BA.PIK.U.4,(61),Baltimore,PIK,72.89020370946608,4,U,K3,0.001
TO.BA.PIK.U.5,(84),Baltimore,PIK,72.89020370946608,5,U,K1,0.003
TO.BA.PIK.U.5,(84),Baltimore,PIK,72.89020370946608,5,U,K2,0.991
TO.BA.PIK.U.5,(84),Baltimore,PIK,72.89020370946608,5,U,K3,0.006
TO.MN.L02-TO.U.1,(60),Minneapolis,L02-TO,79.4334148279093,1,U,K1,0.001
TO.MN.L02-TO.U.1,(60),Minneapolis,L02-TO,79.4334148279093,1,U,K2,0.001
TO.MN.L02-TO.U.1,(60),Minneapolis,L02-TO,79.4334148279093,1,U,K3,0.998
TO.MN.L02-TO.U.2,(77),Minneapolis,L02-TO,79.4334148279093,2,U,K1,0.993
TO.MN.L02-TO.U.2,(77),Minneapolis,L02-TO,79.4334148279093,2,U,K2,0.006
TO.MN.L02-TO.U.2,(77),Minneapolis,L02-TO,79.4334148279093,2,U,K3,0.001
TO.MN.L02-TO.U.3,(52),Minneapolis,L02-TO,79.4334148279093,3,U,K1,0.001
TO.MN.L02-TO.U.3,(52),Minneapolis,L02-TO,79.4334148279093,3,U,K2,0.001
TO.MN.L02-TO.U.3,(52),Minneapolis,L02-TO,79.4334148279093,3,U,K3,0.998
TO.MN.L02-TO.U.4,(62),Minneapolis,L02-TO,79.4334148279093,4,U,K1,0.101
TO.MN.L02-TO.U.4,(62),Minneapolis,L02-TO,79.4334148279093,4,U,K2,0.692
TO.MN.L02-TO.U.4,(62),Minneapolis,L02-TO,79.4334148279093,4,U,K3,0.207
TO.LA.PEP.M.1,(66),Los Angeles,PEP,81.72646370996557,1,M,K1,0.987
TO.LA.PEP.M.1,(66),Los Angeles,PEP,81.72646370996557,1,M,K2,0.011
TO.LA.PEP.M.1,(66),Los Angeles,PEP,81.72646370996557,1,M,K3,0.002
TO.LA.PEP.M.3,(64),Los Angeles,PEP,81.72646370996557,3,M,K1,0.444
TO.LA.PEP.M.3,(64),Los Angeles,PEP,81.72646370996557,3,M,K2,0.554
TO.LA.PEP.M.3,(64),Los Angeles,PEP,81.72646370996557,3,M,K3,0.001
TO.LA.PEP.M.5,(46),Los Angeles,PEP,81.72646370996557,5,M,K1,0.333
TO.LA.PEP.M.5,(46),Los Angeles,PEP,81.72646370996557,5,M,K2,0.651
TO.LA.PEP.M.5,(46),Los Angeles,PEP,81.72646370996557,5,M,K3,0.016
TO.BA.ML.U.1,(69),Baltimore,ML,85.12383662247483,1,U,K1,0.997
TO.BA.ML.U.1,(69),Baltimore,ML,85.12383662247483,1,U,K2,0.002
TO.BA.ML.U.1,(69),Baltimore,ML,85.12383662247483,1,U,K3,0.001
TO.BA.ML.U.2,(66),Baltimore,ML,85.12383662247483,2,U,K1,0.702
TO.BA.ML.U.2,(66),Baltimore,ML,85.12383662247483,2,U,K2,0.19
TO.BA.ML.U.2,(66),Baltimore,ML,85.12383662247483,2,U,K3,0.108
TO.BA.ML.U.3,(79),Baltimore,ML,85.12383662247483,3,U,K1,0.968
TO.BA.ML.U.3,(79),Baltimore,ML,85.12383662247483,3,U,K2,0.029
TO.BA.ML.U.3,(79),Baltimore,ML,85.12383662247483,3,U,K3,0.002
TO.BA.ML.U.5,(71),Baltimore,ML,85.12383662247483,5,U,K1,0.003
TO.BA.ML.U.5,(71),Baltimore,ML,85.12383662247483,5,U,K2,0.984
TO.BA.ML.U.5,(71),Baltimore,ML,85.12383662247483,5,U,K3,0.013
TO.MN.L09-TO.M.1,(80),Minneapolis,L09-TO,85.22009069594164,1,M,K1,0.655
TO.MN.L09-TO.M.1,(80),Minneapolis,L09-TO,85.22009069594164,1,M,K2,0.342
TO.MN.L09-TO.M.1,(80),Minneapolis,L09-TO,85.22009069594164,1,M,K3,0.003
TO.MN.L09-TO.M.2,(57),Minneapolis,L09-TO,85.22009069594164,2,M,K1,0.995
TO.MN.L09-TO.M.2,(57),Minneapolis,L09-TO,85.22009069594164,2,M,K2,0.001
TO.MN.L09-TO.M.2,(57),Minneapolis,L09-TO,85.22009069594164,2,M,K3,0.003
TO.MN.L09-TO.M.4,(63),Minneapolis,L09-TO,85.22009069594164,4,M,K1,0.041
TO.MN.L09-TO.M.4,(63),Minneapolis,L09-TO,85.22009069594164,4,M,K2,0.959
TO.MN.L09-TO.M.4,(63),Minneapolis,L09-TO,85.22009069594164,4,M,K3,0.001
TO.MN.L09-TO.M.5,(75),Minneapolis,L09-TO,85.22009069594164,5,M,K1,0.003
TO.MN.L09-TO.M.5,(75),Minneapolis,L09-TO,85.22009069594164,5,M,K2,0.115
TO.MN.L09-TO.M.5,(75),Minneapolis,L09-TO,85.22009069594164,5,M,K3,0.882
TO.LA.VNS.M.2,(74),Los Angeles,VNS,89.73171779433474,2,M,K1,0.998
TO.LA.VNS.M.2,(74),Los Angeles,VNS,89.73171779433474,2,M,K2,0.002
TO.LA.VNS.M.2,(74),Los Angeles,VNS,89.73171779433474,2,M,K3,0.001
TO.LA.VNS.M.3,(73),Los Angeles,VNS,89.73171779433474,3,M,K1,0.001
TO.LA.VNS.M.3,(73),Los Angeles,VNS,89.73171779433474,3,M,K2,0.997
TO.LA.VNS.M.3,(73),Los Angeles,VNS,89.73171779433474,3,M,K3,0.002
TO.LA.VNS.M.5,(78),Los Angeles,VNS,89.73171779433474,5,M,K1,0.243
TO.LA.VNS.M.5,(78),Los Angeles,VNS,89.73171779433474,5,M,K2,0.753
TO.LA.VNS.M.5,(78),Los Angeles,VNS,89.73171779433474,5,M,K3,0.004
TO.LA.COM.M.1,(63),Los Angeles,COM,91.65328372612268,1,M,K1,0.002
TO.LA.COM.M.1,(63),Los Angeles,COM,91.65328372612268,1,M,K2,0.996
TO.LA.COM.M.1,(63),Los Angeles,COM,91.65328372612268,1,M,K3,0.002
TO.LA.COM.M.2,(85),Los Angeles,COM,91.65328372612268,2,M,K1,0.012
TO.LA.COM.M.2,(85),Los Angeles,COM,91.65328372612268,2,M,K2,0.983
TO.LA.COM.M.2,(85),Los Angeles,COM,91.65328372612268,2,M,K3,0.006
TO.LA.COM.M.3,(65),Los Angeles,COM,91.65328372612268,3,M,K1,0.995
TO.LA.COM.M.3,(65),Los Angeles,COM,91.65328372612268,3,M,K2,0.002
TO.LA.COM.M.3,(65),Los Angeles,COM,91.65328372612268,3,M,K3,0.003
TO.LA.COM.M.4,(50),Los Angeles,COM,91.65328372612268,4,M,K1,0.001
TO.LA.COM.M.4,(50),Los Angeles,COM,91.65328372612268,4,M,K2,0.992
TO.LA.COM.M.4,(50),Los Angeles,COM,91.65328372612268,4,M,K3,0.006
